Column 1,Column 2
1,97.75.162.34,2018-11-29 17:47:45.442000,https://www.virustotal.com/url/b3341655f2322bba793943b8392708a68669cce3db2490636cfa81e0755cfd6b/analysis/1543372294/,False,0/66,"[2000, 53, 1723, 80, 22]",https://www.abuseipdb.com/check/97.75.162.34,,,True,,True,False,True
2,95.87.14.47,2018-11-29 17:48:38.103000,https://www.virustotal.com/url/e802d2aefb0d20ebc8e81c8eec09d1f96daa65259a0aa084e76bea7cf65f6205/analysis/1543372509/,False,0/66,"[1723, 80, 8001, 2000, 22]",https://www.abuseipdb.com/check/95.87.14.47,,,True,,False,False,True
3,95.84.168.111,2018-11-29 17:49:30.722000,https://www.virustotal.com/url/d91d9de09b31b1f360c6d69abc96ca82b610247f998faf6a9a69882ef716e51a/analysis/1543372561/,False,0/66,"[2000, 53, 22]",https://www.abuseipdb.com/check/95.84.168.111,"Email Spam,",4,True,,True,False,True
4,95.80.254.119,2018-11-29 17:50:23.713000,https://www.virustotal.com/url/ef3cf9326e1d215ce90271753c1504aaea15d5a0b4b547c8ae62b3b8b65d9051/analysis/1543372614/,False,0/66,"[80, 2000]",https://www.abuseipdb.com/check/95.80.254.119,"DDos Attack,Web App Attack,",24,True,,True,False,True
5,95.79.233.197,2018-11-29 17:51:16.077000,https://www.virustotal.com/url/b7469f43477d2dedc4029b80bf8f65988d905fd6370cad369b12f8effeecb1d8/analysis/1543372666/,False,0/66,None,https://www.abuseipdb.com/check/95.79.233.197,,,True,,False,False,True
6,95.222.116.14,2018-11-29 17:52:08.376000,https://www.virustotal.com/url/2f11677433e1502a3604f2e43ce55f8d185b99185867d76366cb36445570d457/analysis/1543372719/,False,0/66,None,https://www.abuseipdb.com/check/95.222.116.14,,N/A,False,,False,False,False
7,95.218.253.122,2018-11-29 17:53:00.701000,https://www.virustotal.com/url/5beffd9828213f7a8b86681819985f95e52ae13a1a904539527d2e23e3511a46/analysis/1543372771/,False,0/66,[7547],https://www.abuseipdb.com/check/95.218.253.122,,N/A,False,,False,False,False
8,95.215.159.82,2018-11-29 17:53:54.030000,https://www.virustotal.com/url/20207483830f5fd1e7eef20956998cf1ada27a4e8d9df2ec74c5a7b1d240f3b3/analysis/1543372825/,False,0/66,"[8080, 37777, 2000]",https://www.abuseipdb.com/check/95.215.159.82,,,True,,True,False,True
9,95.189.112.214,2018-11-29 17:54:46.217000,https://www.virustotal.com/url/b62da849307446c21cb8597ae12d05dd7509f0d1f1c2e24031693c6a8216b2bc/analysis/1543372878/,False,0/66,"[53, 2000, 25]",https://www.abuseipdb.com/check/95.189.112.214,"DDos Attack,Web App Attack,",25,True,,False,False,True
10,95.170.202.194,2018-11-29 17:55:39.825000,https://www.virustotal.com/url/9d39589a7dfe2bcec8c0f76ea808d84ab43df97c7b2b0cd221a95281ddefb207/analysis/1543372930/,False,0/66,"[2000, 80, 21, 1723, 53]",https://www.abuseipdb.com/check/95.170.202.194,"Email Spam,",50,True,,False,False,True
11,95.167.123.54,2018-11-29 17:56:33.456000,https://www.virustotal.com/url/6c337b5b704e8e90a66154cc673da7eb42db9c21d053f6a12aff6f7769fe5138/analysis/1543372983/,False,0/66,[2000],https://www.abuseipdb.com/check/95.167.123.54,"DDos Attack,Web App Attack,",36,True,,True,False,True
12,95.165.182.18,2018-11-29 17:57:27.178000,https://www.virustotal.com/url/252688602d9bdbd448860caa41849152bf237bee45dcd145e1e9178bdb6acd3f/analysis/1543373035/,False,0/66,"[53, 2000]",https://www.abuseipdb.com/check/95.165.182.18,"DDos Attack,Web App Attack,",23,True,,False,False,True
13,95.156.95.158,2018-11-29 18:39:45.890000,https://www.virustotal.com/url/db7a91e345eba84520f2a2dca9ba16c9f4ec25eb404af8d2093a8729eea245f0/analysis/1543532298/,False,0/66,"[53, 2000, 80]",https://www.abuseipdb.com/check/95.156.95.158,,,True,,False,False,True
14,95.130.35.88,2018-11-29 18:40:38.199000,https://www.virustotal.com/url/33c5508e453b06069ebc50a69baa4ea7d7bd2e99b49e640eb06c6cde9fb1fcce/analysis/1543373142/,False,0/66,"[88, 554, 2000, 1723, 53, 80, 5800]",https://www.abuseipdb.com/check/95.130.35.88,,,True,,False,False,True
15,95.128.142.106,2018-11-29 18:41:31.175000,https://www.virustotal.com/url/e36b9be0d26cdf99d67087588b346fc52bd43a7cdb3a69e3992832e912e48e1b/analysis/1543373194/,False,0/66,"[443, 1723, 53, 2000, 8080]",https://www.abuseipdb.com/check/95.128.142.106,"Hacking,",39,True,,True,False,True
16,95.105.252.74,2018-11-29 18:42:29.525000,https://www.virustotal.com/url/fb659edb6e31ddf2152a94c5b24213ebfb0f9956279c730a2271bc9d0eed6f03/analysis/1543373246/,False,0/66,"[82, 443, 1723, 22, 500]",https://www.abuseipdb.com/check/95.105.252.74,"Web App Attack,",51,True,,False,False,True
17,94.69.86.231,2018-11-29 18:43:23.456000,https://www.virustotal.com/url/b04745b30b1d697bdef18e336584d763043ed596d7287c40cdded1f59ee1c1af/analysis/1543373300/,False,0/66,None,https://www.abuseipdb.com/check/94.69.86.231,,N/A,False,,False,False,False
18,94.52.178.196,2018-11-29 18:44:16.030000,https://www.virustotal.com/url/a19516c79e10aa9d61d289d271223e9cfb10dfc075f219678634f01e92a3e2a5/analysis/1543373352/,False,0/66,None,https://www.abuseipdb.com/check/94.52.178.196,,N/A,False,,False,False,False
19,94.46.176.210,2018-11-29 18:45:11.700000,https://www.virustotal.com/url/c04ae8aeb31b27c1f329ec507130d7ace4c0d48ffe9c9d47ce992209c5ee14a1/analysis/1543373404/,False,0/66,"[2083, 2082, 443, 80, 2087, 995, 8080, 2086, 25, 587, 465, 110]",https://www.abuseipdb.com/check/94.46.176.210,"DDos Attack,Web App Attack,",19,True,,False,False,True
20,94.253.8.118,2018-11-29 18:46:04.919000,https://www.virustotal.com/url/9aaab11d4f59a760db39c110e3627fd27245c7317347daac2bcafbad7c133e12/analysis/1543373459/,False,0/66,"[21, 22, 3306, 5222, 587, 27015, 80, 993, 443, 143, 110]",https://www.abuseipdb.com/check/94.253.8.118,"Web App Attack,",71,True,,False,False,True
21,94.244.56.190,2018-11-29 18:46:58.323000,https://www.virustotal.com/url/1b009f0bf5f2300f7b53100eaff2e643bdd2c7c52c2195f2c7d6cea8a73ff56d/analysis/1543373512/,False,0/66,"[22, 21]",https://www.abuseipdb.com/check/94.244.56.190,"Web App Attack,",84,True,,False,False,True
22,94.232.57.231,2018-11-29 18:47:51.045000,https://www.virustotal.com/url/cfb98798d25ff10a5509248de0a71f94b2269b773759313422bc012d0f506e8a/analysis/1543373564/,False,0/66,"[53, 2000]",https://www.abuseipdb.com/check/94.232.57.231,"Email Spam,Brute-Force,",58,True,,True,False,True
23,94.231.182.66,2018-11-29 18:48:43.558000,https://www.virustotal.com/url/7a1d978a28d3c24baabbbf71a6248aaa1d33b1e8019e866be01dab8ea7d3904f/analysis/1543373618/,False,0/66,"[2000, 53, 37777, 81, 2222]",https://www.abuseipdb.com/check/94.231.182.66,,,True,,True,False,True
24,94.23.46.129,2018-11-29 18:49:36.717000,https://www.virustotal.com/url/bbdf744ff08e8e9ac113a1c5a269429c2435452b84cd2a79c73964aef4ed7723/analysis/1543373670/,False,0/66,"[443, 2087, 110, 995, 53, 587, 143, 80, 993, 2083, 21, 2082, 2086, 465]",https://www.abuseipdb.com/check/94.23.46.129,"Web App Attack,",17,True,,False,False,True
25,94.23.250.16,2018-11-29 18:50:29.859000,https://www.virustotal.com/url/d49f41d276a3c67411f68dee1be02f9609fdff784c52e8d36cf761bba3fd86ec/analysis/1543373723/,False,0/66,"[2086, 443, 143, 2082, 993, 21, 465, 995, 2087, 110, 587, 53, 2083, 80]",https://www.abuseipdb.com/check/94.23.250.16,"Web App Attack,",26,True,,False,False,True
26,94.23.156.20,2018-11-29 18:51:23.579000,https://www.virustotal.com/url/b5f452df8907c51cb52116dc260ff2d20ac5872ae15c862d6f2eb175c5c5fb04/analysis/1543373778/,False,0/66,"[3389, 5985, 137]",https://www.abuseipdb.com/check/94.23.156.20,"Hacking,Brute-Force,",100,True,,False,False,True
27,94.181.46.207,2018-11-29 18:52:16.200000,https://www.virustotal.com/url/c6eec80e0deca70895c22d6be914b11071f7fa3fddf55724f31da20d1d9bff24/analysis/1543373831/,False,0/66,"[53, 2000]",https://www.abuseipdb.com/check/94.181.46.207,,N/A,False,,True,False,True
28,94.130.92.60,2018-11-29 18:53:11.904000,https://www.virustotal.com/url/6af610aa8b95e752e4746754749af85c88c00c459b144661173b344e7fbfa3c8/analysis/1543373892/,False,0/66,"[3128, 443, 80, 22]",https://www.abuseipdb.com/check/94.130.92.60,"DDos Attack,Web App Attack,",38,True,,False,False,True
29,94.100.61.89,2018-11-29 18:54:05.972000,https://www.virustotal.com/url/3c78b30ad0493f968a1e70170c4fe3948e12796accd8fafe36dfc7084444a867/analysis/1543373945/,False,0/66,None,https://www.abuseipdb.com/check/94.100.61.89,,N/A,False,,False,False,False
30,93.61.73.115,2018-11-29 18:54:58.276000,https://www.virustotal.com/url/6a3dde6b8746ecc075a7c9cf38059f85b0a4b6ec479633a779fe8b458acbdd67/analysis/1543373997/,False,0/66,"[23, 22, 80, 53]",https://www.abuseipdb.com/check/93.61.73.115,"Web App Attack,",51,True,,False,False,True
31,93.42.199.78,2018-11-29 18:55:51.082000,https://www.virustotal.com/url/d952c0bcd74bbb91d71847d3947ffd58453feb17f5d12c1cc36a4a60727ad48f/analysis/1543374050/,False,0/66,"[22, 69, 137, 80, 873, 515, 445, 443]",https://www.abuseipdb.com/check/93.42.199.78,"Web App Attack,",49,True,,False,False,True
32,178.137.87.242,2018-11-29 18:56:43.225000,https://www.virustotal.com/url/994f95074ca359f54254720acd0ed584c752cd7c0b27aab323c133df01ca676b/analysis/1543374102/,False,0/66,None,https://www.abuseipdb.com/check/178.137.87.242,,N/A,False,,False,False,False
33,46.148.22.18,2018-11-29 18:57:35.487000,https://www.virustotal.com/url/31350edf72846f7de2075b7612fedaf21139448a5e268fe975b1d06503c35e9b/analysis/1543374157/,False,0/66,None,https://www.abuseipdb.com/check/46.148.22.18,,N/A,False,,False,False,False
34,201.18.18.173,2018-11-29 18:58:48.203000,https://www.virustotal.com/url/8295291c72f0c59e09632de44c5e98920716dfcebd7e3d5fd866646697a8a1fa/analysis/1543374210/,True,1/66,None,https://www.abuseipdb.com/check/201.18.18.173,,N/A,False,,False,False,True
35,46.148.18.162,2018-11-29 18:59:42.340000,https://www.virustotal.com/url/c26d5dcd47ce5ec03253c5d1c67b7aa665a6798525fa6687882a40ada128198e/analysis/1543374262/,False,0/66,[80],https://www.abuseipdb.com/check/46.148.18.162,,N/A,False,,False,False,False
36,37.187.129.166,2018-11-29 19:00:35.400000,https://www.virustotal.com/url/11f4f504b195a8ec22d3f5ff807428e3e0b9c283339a6cd664a560f2c1dc9e94/analysis/1543479671/,True,1/66,None,https://www.abuseipdb.com/check/37.187.129.166,"Web Spam,Web App Attack,",100,True,,True,False,True
37,91.200.12.91,2018-11-29 19:01:34.419000,https://www.virustotal.com/url/3c72d7398ff25442a42163e908c6451391bd89ef02d4459f5f01a5705469e6b4/analysis/1543374368/,True,1/66,None,https://www.abuseipdb.com/check/91.200.12.91,,N/A,False,,False,False,True
38,89.234.157.254,2018-11-29 19:02:27.366000,https://www.virustotal.com/url/9623a79a3ea14345c9baee843af98fdf6194189b880affe56682cde3a4501005/analysis/1543477906/,True,1/66,"[443, 9001, 80]",https://www.abuseipdb.com/check/89.234.157.254,"Brute-Force,SSH,",100,True,,True,False,True
39,195.154.241.166,2018-11-29 19:03:20.272000,https://www.virustotal.com/url/4f60ac8153a18dbe151bdc770f51d3fa42ecdc83413f63680af0a7680ccca99f/analysis/1543374474/,False,0/66,"[80, 123, 443]",https://www.abuseipdb.com/check/195.154.241.166,,N/A,False,,False,False,False
40,176.126.252.12,2018-11-29 19:04:12.810000,https://www.virustotal.com/url/9385ac7971e7e50aebf8301d9a9c1963074469c905762e21a17f125075270425/analysis/1543464302/,True,1/66,None,https://www.abuseipdb.com/check/176.126.252.12,,,True,,True,False,True
41,77.247.181.165,2018-11-29 19:05:05.748000,https://www.virustotal.com/url/9258eaa6cf65000f3de8cecd6a8777596430e91022d4cfcd9dc602860a8b86ad/analysis/1543481862/,False,0/66,"[123, 443, 25, 80]",https://www.abuseipdb.com/check/77.247.181.165,"SSH,",100,True,,True,False,True
42,213.251.182.110,2018-11-29 19:05:58.782000,https://www.virustotal.com/url/697394f42f63a1a734ec2b65a8bd02ae57d2f36064a5feac86b821c9f15b8bcb/analysis/1543374634/,False,0/66,None,https://www.abuseipdb.com/check/213.251.182.110,"Web App Attack,",76,True,,False,False,True
43,176.10.104.240,2018-11-29 19:06:51.489000,https://www.virustotal.com/url/6f71a888b3c936c97e6bf7c81ebe72d60e6954af36bcc9224498b4087f106b15/analysis/1543481369/,True,1/66,"[443, 8080, 8443, 80]",https://www.abuseipdb.com/check/176.10.104.240,"Phishing,Web Spam,",75,True,,True,False,True
44,195.154.250.216,2018-11-29 19:10:09.837000,https://www.virustotal.com/url/be3cb9aebffd3e8022546943d3534bac3f5d2996ea186552762b7eccd6725e61/analysis/1543536462/,False,0/66,"[80, 22, 25]",https://www.abuseipdb.com/check/195.154.250.216,,N/A,False,,False,False,False
45,213.251.182.115,2018-11-29 19:11:02.940000,https://www.virustotal.com/url/92e0ffaf28ad634bea83c483886c5c516ed3eb4dfae96a358d96b9544824c195/analysis/1543374791/,True,1/66,None,https://www.abuseipdb.com/check/213.251.182.115,"Hacking,SQL Injection,Web App Attack,",86,True,,False,False,True
46,195.154.243.31,2018-11-29 19:11:55.340000,https://www.virustotal.com/url/d24a14dbbcf609ebb8b99806cbd06e276a59c9dd24ea89883e4e4229bab101a9/analysis/1543374844/,False,0/66,None,https://www.abuseipdb.com/check/195.154.243.31,,N/A,False,,False,False,False
47,192.42.116.16,2018-11-29 19:12:47.762000,https://www.virustotal.com/url/cad629aed36f5ec43ed049844a726c6f7225870afc559736d1cb9a1ed54f88da/analysis/1543484163/,True,1/66,"[80, 123, 443]",https://www.abuseipdb.com/check/192.42.116.16,"Web Spam,",100,True,,True,False,True
48,195.154.241.119,2018-11-29 19:13:40.155000,https://www.virustotal.com/url/9ef18d6852d7cad93b90000f22dc3439139bcb5e17960aee9ca61473786bf994/analysis/1543374951/,False,0/66,"[80, 25, 111]",https://www.abuseipdb.com/check/195.154.241.119,,N/A,False,,False,False,False
49,195.154.240.176,2018-11-29 19:14:32.657000,https://www.virustotal.com/url/9e82c85943e212e1c8f72db22e7e154e3b313f492186f81375cc35a68997e900/analysis/1543375004/,False,0/66,"[25, 80, 22]",https://www.abuseipdb.com/check/195.154.240.176,,N/A,False,,False,False,False
50,195.154.251.120,2018-11-29 19:15:25.397000,https://www.virustotal.com/url/e005e2b58a39346a7aa4e85c663d2cd19847bcc4ee1f0dbd70d0528d6a5a2c3a/analysis/1543375056/,False,0/66,"[22, 80]",https://www.abuseipdb.com/check/195.154.251.120,,N/A,False,,False,False,False
51,195.154.240.246,2018-11-29 19:16:17.678000,https://www.virustotal.com/url/8d6511db7bb0c2d58ca5f84b62d06779a47f8aa9bf94cf6d79d5150a63872b53/analysis/1543375108/,False,0/66,[3389],https://www.abuseipdb.com/check/195.154.240.246,,N/A,False,,False,False,False
52,120.203.25.58,2018-11-29 19:17:10.662000,https://www.virustotal.com/url/1435e578e49cbe6df1f446a674ff97fd5692728978f4585c2722525c7d78e4b8/analysis/1543375161/,False,0/66,"[23, 22]",https://www.abuseipdb.com/check/120.203.25.58,"Web App Attack,",70,True,,False,False,True
53,85.25.103.119,2018-11-29 19:18:07.172000,https://www.virustotal.com/url/d2ceb37f3718a43b597d2d2d38d0edc66e0d9029498f4c864fc873e1632ed111/analysis/1543375214/,True,1/66,None,https://www.abuseipdb.com/check/85.25.103.119,,N/A,False,,False,False,True
54,188.138.9.49,2018-11-29 19:18:59.672000,https://www.virustotal.com/url/b38b530b136b2522f396bcf7ca060a2f1b4b578ca9a0e5e4e5cf69f80ccc0ec2/analysis/1543375268/,True,1/66,"[22, 8888]",https://www.abuseipdb.com/check/188.138.9.49,,N/A,False,,False,False,True
55,58.62.55.130,2018-11-29 19:19:54.859000,https://www.virustotal.com/url/47bb42fdb9d94c21dfa10758376076c740f0d0d31c5c82f85f4a5d956cde68a1/analysis/1543375321/,True,1/66,[22],https://www.abuseipdb.com/check/58.62.55.130,"Web App Attack,",88,True,,False,False,True
56,213.251.182.111,2018-11-29 19:20:47.560000,https://www.virustotal.com/url/70ed00745f3b1d06f716615215129b258fd0d5ee2be22a4e4be81656f61c0d72/analysis/1543375374/,True,1/66,None,https://www.abuseipdb.com/check/213.251.182.111,"Web App Attack,",65,True,,False,False,True
57,185.129.148.203,2018-11-29 19:21:40.387000,https://www.virustotal.com/url/bd7bfea5522f493cf617066bdfbae05e30515771d1fa934863cd228507232521/analysis/1543375426/,True,1/66,"[80, 993, 3306, 995, 22, 25, 21, 53]",https://www.abuseipdb.com/check/185.129.148.203,,N/A,False,,False,False,True
58,213.251.182.114,2018-11-29 19:22:33.047000,https://www.virustotal.com/url/3e0404ad09c6290fb0aa9fbff3ac84d1c28a56ff7aef8f284014a27218baf542/analysis/1543375479/,False,0/66,None,https://www.abuseipdb.com/check/213.251.182.114,"Hacking,SQL Injection,Web App Attack,",75,True,,False,False,True
59,176.126.252.11,2018-11-29 19:23:25.200000,https://www.virustotal.com/url/aa75b0225876f45b1dfcc5e0acf1660bc5c240fd7da475fb639bea3252fc0613/analysis/1543396642/,True,1/66,"[111, 123, 22]",https://www.abuseipdb.com/check/176.126.252.11,,,True,,True,False,True
60,91.207.7.54,2018-11-29 19:24:18.088000,https://www.virustotal.com/url/933f01ef829e789c0dd6ea44db601b2d654c1b0fec2a739d8e614447f3c8ae61/analysis/1543375584/,False,0/66,None,https://www.abuseipdb.com/check/91.207.7.54,,N/A,False,,False,False,False
61,5.79.68.161,2018-11-29 19:25:10.594000,https://www.virustotal.com/url/7c33bb81013b478a9a3ece8b4ac806bc479fdebe58c8bf184b262155ecf0fa2f/analysis/1543460726/,False,0/66,"[22, 81, 9001, 443, 80]",https://www.abuseipdb.com/check/5.79.68.161,,,True,,False,False,True
62,88.80.196.2,2018-11-29 19:26:03.897000,https://www.virustotal.com/url/00cd380490a13927274484b3c9e2354f919afe4d9198963f64d328b7c2e66fd9/analysis/1543375688/,False,0/66,None,https://www.abuseipdb.com/check/88.80.196.2,,N/A,False,,False,False,False
63,220.174.209.154,2018-11-29 19:26:57.891000,https://www.virustotal.com/url/85a07df69304b8766a31b3941015925704406749e3cc39d4d000b5937cfd67a6/analysis/1543375741/,False,0/66,"[8889, 22]",https://www.abuseipdb.com/check/220.174.209.154,"Hacking,Brute-Force,Web App Attack,",100,True,,False,False,True
64,46.118.156.191,2018-11-29 19:27:50.918000,https://www.virustotal.com/url/d82e56ca112e72b07b8e5ad984f7ffa8d00b1508b62269fad0d125da51576735/analysis/1543375794/,False,0/66,None,https://www.abuseipdb.com/check/46.118.156.191,,N/A,False,,False,False,False
65,210.210.178.20,2018-11-29 19:28:43.944000,https://www.virustotal.com/url/b542c2e2001d7730f2ba30d14af1201ea146165735c9f98766f64ab15683c838/analysis/1543375847/,False,0/66,"[465, 993, 3306, 2087, 443, 2086, 2083, 995, 143, 5986, 2082, 80, 110]",https://www.abuseipdb.com/check/210.210.178.20,,N/A,False,,False,False,False
66,91.208.99.2,2018-11-29 19:29:36.227000,https://www.virustotal.com/url/b3760236ccb36f8adaafd51ff67c392a34bb0aec61a79688bf83223bb81742ce/analysis/1543375900/,False,0/66,None,https://www.abuseipdb.com/check/91.208.99.2,"DDos Attack,Web App Attack,",92,True,,False,False,True
67,60.12.119.200,2018-11-29 19:30:28.913000,https://www.virustotal.com/url/6d2b15fcc8dfe7b21ab02e2319fd586b1e5df4c2ea03a69c546a1ee1cd6e90f9/analysis/1543375953/,False,0/66,None,https://www.abuseipdb.com/check/60.12.119.200,,N/A,False,,False,False,False
68,92.63.87.97,2018-11-29 19:31:21.190000,https://www.virustotal.com/url/aa1d88442959cf90906c4e4d6bde5a79d7d06785f642a11e747ccc743f52b616/analysis/1543376008/,False,0/66,None,https://www.abuseipdb.com/check/92.63.87.97,,N/A,False,,False,False,False
69,46.165.230.5,2018-11-29 19:32:13.288000,https://www.virustotal.com/url/23f10b0e4e1c04bf6ec226dd6a2e1c74a0f6e2483350981e02abb757367b65ff/analysis/1543480329/,False,0/66,"[443, 80]",https://www.abuseipdb.com/check/46.165.230.5,"Phishing,Web Spam,",100,True,,True,False,True
70,37.130.227.133,2018-11-29 19:33:06.004000,https://www.virustotal.com/url/5e3141b107c844a6d101bc24695f32f8e8c87a44fe2782b281938e2ec61ce330/analysis/1543376113/,False,0/66,None,https://www.abuseipdb.com/check/37.130.227.133,,N/A,False,,False,False,False
71,94.242.246.23,2018-11-29 19:33:58.300000,https://www.virustotal.com/url/11e76eb237a6f760041047359ef4559184f1d865d233da34fb6e4c178e935d39/analysis/1543376165/,True,1/66,"[80, 8443, 443, 123, 4443]",https://www.abuseipdb.com/check/94.242.246.23,,N/A,False,,False,False,True
72,60.166.48.158,2018-11-29 19:34:51.331000,https://www.virustotal.com/url/b85165dcb86297496a93d00b3b31aefc5ed17f8b85a2011aa9d5c070878bc9f5/analysis/1543376218/,False,0/66,"[6001, 81, 22, 8889]",https://www.abuseipdb.com/check/60.166.48.158,"Web App Attack,",84,True,,False,False,True
73,89.31.57.5,2018-11-29 19:35:43.814000,https://www.virustotal.com/url/a171f5dea48b4f20b38b3a4b2d8ab1c7ac834b3efb6e15a5a6abee71f410c50f/analysis/1543480603/,False,0/66,"[443, 80]",https://www.abuseipdb.com/check/89.31.57.5,"Web Spam,Bad Web Bot,",43,True,,True,False,True
74,173.208.177.59,2018-11-29 19:36:36.038000,https://www.virustotal.com/url/6439d3ef39756bf019b993af694ff11f89e8579ff498327c4854a1163560ff8b/analysis/1543376322/,False,0/66,"[443, 80]",https://www.abuseipdb.com/check/173.208.177.59,,N/A,False,,False,False,False
75,91.109.247.173,2018-11-29 19:37:28.054000,https://www.virustotal.com/url/4bd76ab1da9fab01add9e927d250e0f0a2dba232181aa9f606968f38e6edf769/analysis/1543376384/,False,0/66,None,https://www.abuseipdb.com/check/91.109.247.173,,N/A,False,,False,False,False
76,77.247.181.162,2018-11-29 19:38:20.831000,https://www.virustotal.com/url/d2d90b7a66e7d2baed5e9fb045db0c9ebe3c1b033147468b95e3339a347db390/analysis/1543376436/,True,1/66,None,https://www.abuseipdb.com/check/77.247.181.162,,N/A,False,,False,False,True
77,77.247.181.163,2018-11-29 19:39:15.023000,https://www.virustotal.com/url/80a599ce82250614e3ac4997ac8c4b8f3464dd4b5b0b8b18c47539c2e0374cdf/analysis/1543475937/,False,0/66,"[25, 80, 443, 123]",https://www.abuseipdb.com/check/77.247.181.163,"Web App Attack,",100,True,,True,False,True
78,1.234.83.77,2018-11-29 19:40:08.389000,https://www.virustotal.com/url/4c3114e8a8b930f7ff278d54d55d27763bce05b2ca869c1c9d53beb2e8e358eb/analysis/1543376541/,False,0/66,"[5000, 25, 443, 80, 22]",https://www.abuseipdb.com/check/1.234.83.77,,N/A,False,,False,False,False
79,61.150.76.201,2018-11-29 19:41:01.485000,https://www.virustotal.com/url/1e6baa41fff91248f12edd949ae0dddac95d77fc285cceeed4edb72d9a2f52bc/analysis/1543376594/,False,0/66,"[1723, 22, 8889]",https://www.abuseipdb.com/check/61.150.76.201,"Brute-Force,Web App Attack,",67,True,,False,False,True
80,194.150.168.95,2018-11-29 19:41:53.643000,https://www.virustotal.com/url/c4f3a1202a3f1d1cac525f3918a9a6db8dc833d15c47556f49dab06c79c7587d/analysis/1543376646/,False,0/66,None,https://www.abuseipdb.com/check/194.150.168.95,,N/A,False,,False,False,False
81,118.144.83.130,2018-11-29 19:42:46.060000,https://www.virustotal.com/url/4adc6d99b16278cb807925b18225e6f8d8a3c288790d2711cf7abd59fff6c249/analysis/1543376698/,False,0/66,"[22, 8889]",https://www.abuseipdb.com/check/118.144.83.130,"Brute-Force,",76,True,,False,False,True
82,61.37.150.6,2018-11-29 19:43:38.793000,https://www.virustotal.com/url/26ea791d25b227a460f74b23675ccaa7e3bd42a809b16b546fe777e3cbb0a205/analysis/1543376759/,False,0/66,"[123, 22]",https://www.abuseipdb.com/check/61.37.150.6,"Web App Attack,",76,True,,False,False,True
83,219.148.39.134,2018-11-29 19:44:32.277000,https://www.virustotal.com/url/4ed1391ae2644ef1ffc39bf5d682eced38729dc55fed9ca7bb0765d3ff686abc/analysis/1543376811/,False,0/66,"[8889, 22]",https://www.abuseipdb.com/check/219.148.39.134,"Brute-Force,Web App Attack,",86,True,,False,False,True
84,213.251.182.103,2018-11-29 19:45:25.082000,https://www.virustotal.com/url/9cb8221f60e0482aa70623f57f9bae8678ea2332b0db8a4d2e7228a34800df4a/analysis/1543376864/,True,1/66,None,https://www.abuseipdb.com/check/213.251.182.103,"Web App Attack,",93,True,,False,False,True
85,114.104.158.172,2018-11-29 19:46:17.609000,https://www.virustotal.com/url/30f799e624d589e68469616b5ddf008e48f162d8bcb6f41fb8fd747070f3a6b6/analysis/1543376917/,False,0/66,"[22, 8889]",https://www.abuseipdb.com/check/114.104.158.172,"Web App Attack,",86,True,,False,False,True
86,94.242.246.24,2018-11-29 19:47:09.823000,https://www.virustotal.com/url/01f1727e552664991699f4a72df4fcd4ac3779b3e99108e6d516effc3acdfcb7/analysis/1543376970/,False,0/66,"[4443, 389, 1723, 80, 443, 123, 8443]",https://www.abuseipdb.com/check/94.242.246.24,,N/A,False,,False,False,False
87,218.107.46.228,2018-11-29 19:48:02.681000,https://www.virustotal.com/url/a0897abe1cfacb3cde6d850cbaa18cd87f208a73e4cdd7b8dc0f080a2158fbcf/analysis/1543377022/,False,0/66,[22],https://www.abuseipdb.com/check/218.107.46.228,"Web App Attack,",81,True,,False,False,True
88,188.143.233.136,2018-11-29 19:48:55.210000,https://www.virustotal.com/url/1d1edcf59e61949bfc7ca0513fc34ef73b3590849390df54621a928370d2960e/analysis/1543377074/,False,0/66,None,https://www.abuseipdb.com/check/188.143.233.136,,N/A,False,,False,False,False
89,61.185.139.72,2018-11-29 19:49:47.909000,https://www.virustotal.com/url/b5d63beb08890a9dc263cf788d48a5441312e92a0c70c3279e188a645dac9347/analysis/1543377127/,False,0/66,"[8889, 22, 80]",https://www.abuseipdb.com/check/61.185.139.72,"Web App Attack,",85,True,,False,False,True
90,213.251.182.105,2018-11-29 19:50:40.339000,https://www.virustotal.com/url/3fe05dee9831a38cc182298b44ce4e760b576b3daab75f7cb28f981ed66d1afb/analysis/1543377181/,False,0/66,None,https://www.abuseipdb.com/check/213.251.182.105,"DDos Attack,",64,True,,True,False,True
91,80.255.192.237,2018-11-29 19:51:32.382000,https://www.virustotal.com/url/1cdce611fb1c63425bc5d85237c48596c8359548fc015c0d7c6dc4fdd93cdf23/analysis/1543377233/,False,0/66,None,https://www.abuseipdb.com/check/80.255.192.237,,N/A,False,,False,False,False
92,60.174.192.240,2018-11-29 19:52:25.399000,https://www.virustotal.com/url/b20fa78c80d4d014fae4bd43a43987607d26de744c3d224c65994d1c87e8c21f/analysis/1543377289/,True,1/66,"[8889, 22]",https://www.abuseipdb.com/check/60.174.192.240,"Web App Attack,",89,True,,False,False,True
93,222.92.204.50,2018-11-29 19:53:18.078000,https://www.virustotal.com/url/764d54d28546e94a09b8384c18013ec207799d48d16d5ba87638f42ecc1981d1/analysis/1543377345/,False,0/66,[22],https://www.abuseipdb.com/check/222.92.204.50,"Brute-Force,",64,True,,False,False,True
94,213.60.51.127,2018-11-29 19:54:10.993000,https://www.virustotal.com/url/92183489aae6f3226fd05eec46e621794ef32e2123b7aa8a379e4ad68787bf60/analysis/1543377397/,False,0/66,None,https://www.abuseipdb.com/check/213.60.51.127,,N/A,False,,False,False,False
95,91.200.12.22,2018-11-29 19:55:06.430000,https://www.virustotal.com/url/e0242455363c23bfdee26e2e457defe33f91bf51468562a62cf7acebdc8275a5/analysis/1543377449/,False,0/66,None,https://www.abuseipdb.com/check/91.200.12.22,,N/A,False,,False,False,False
96,221.130.130.238,2018-11-29 19:55:58.646000,https://www.virustotal.com/url/9771b111941743ac327e1a47de60ec3230866f50e07ba7dba5d7fd6c9ce45889/analysis/1543447311/,False,0/66,"[37777, 23, 22, 3389]",https://www.abuseipdb.com/check/221.130.130.238,"Web App Attack,",57,True,,False,False,True
97,207.244.70.35,2018-11-29 19:56:51.642000,https://www.virustotal.com/url/a8eba47f0eff0a9cb44feb06a35d98c87eed7848dde8cd6c423bdaab370f1be0/analysis/1543482080/,False,0/66,"[123, 2222, 80, 443]",https://www.abuseipdb.com/check/207.244.70.35,"Open Proxy,Web Spam,Web App Attack,",100,True,,True,False,True
98,91.200.12.50,2018-11-29 19:57:44.174000,https://www.virustotal.com/url/13970dbf19cf0bfc7092af6cc5ac834a9e00ca2b8ff5455614994c22681d54f4/analysis/1543377606/,False,0/66,None,https://www.abuseipdb.com/check/91.200.12.50,,N/A,False,,False,False,False
99,35.0.127.52,2018-11-29 19:58:36.736000,https://www.virustotal.com/url/7e587e73816613acc16ccde308a491d635b8c9e210fb4266673621288287a3a7/analysis/1543478622/,True,1/66,"[22, 443]",https://www.abuseipdb.com/check/35.0.127.52,"Brute-Force,SSH,",99,True,,True,False,True
100,213.251.182.107,2018-11-29 19:59:29.383000,https://www.virustotal.com/url/f05793b6ab5d200c844d83f005ab159d54efb9853c6966fb390d11011a327849/analysis/1543377716/,True,1/66,None,https://www.abuseipdb.com/check/213.251.182.107,"DDos Attack,Web App Attack,",81,True,,False,False,True
101,91.200.12.86,2018-11-29 20:00:22.764000,https://www.virustotal.com/url/4b9c1d9ed7e0d84a9f5539e1c4f3e3ade6025b6a651242381c1f5e5134106a9c/analysis/1543377768/,True,1/66,None,https://www.abuseipdb.com/check/91.200.12.86,,N/A,False,,False,False,True
102,58.213.133.18,2018-11-29 20:01:15.636000,https://www.virustotal.com/url/e5c5bf2ff4a98d833ab0c2be7c537b392cb5dd8a54dd02604cfa2015fc6d60a0/analysis/1543462777/,False,0/66,"[22, 8889]",https://www.abuseipdb.com/check/58.213.133.18,"Brute-Force,",68,True,,False,False,True
103,176.31.51.199,2018-11-29 20:02:08.277000,https://www.virustotal.com/url/4f1003af6201829264789a100a60a5c2a57a9d17b2d738ca934fd55cf6afb1d9/analysis/1543377873/,False,0/66,"[443, 80, 22]",https://www.abuseipdb.com/check/176.31.51.199,,N/A,False,,False,False,False
104,176.10.104.243,2018-11-29 20:03:01.386000,https://www.virustotal.com/url/357fa323b2d3d28688fb0f6be9e7ba0bd94c67ab43f6bceed4d4ddb3cf710199/analysis/1543377926/,True,1/66,None,https://www.abuseipdb.com/check/176.10.104.243,,N/A,False,,False,False,True
105,218.29.52.2,2018-11-29 20:03:54.282000,https://www.virustotal.com/url/c4ecd3594b30a47f5d1fadc6d76872b29193e49ec56cd977f6e1b38dc8551da4/analysis/1543377979/,False,0/66,"[22, 21, 82, 8889, 84, 83, 81]",https://www.abuseipdb.com/check/218.29.52.2,"Brute-Force,",83,True,,False,False,True
106,91.200.12.65,2018-11-29 20:04:46.647000,https://www.virustotal.com/url/4f6e44a02c967f42a146897786d7dfcbd3e49fc0e26261bfaa533b6626c1621b/analysis/1543378034/,False,0/66,None,https://www.abuseipdb.com/check/91.200.12.65,,N/A,False,,False,False,False
107,171.25.193.20,2018-11-29 20:05:38.817000,https://www.virustotal.com/url/3e448506845915014504fa0b66d962918cafe42615436eec3800eecaeb8d866a/analysis/1543478455/,False,0/66,"[80, 443]",https://www.abuseipdb.com/check/171.25.193.20,"Phishing,Web Spam,",100,True,,True,False,True
108,155.133.82.112,2018-11-29 20:06:30.973000,https://www.virustotal.com/url/4e74a9c0f65e1df96eb1324aeb9e783dae378ad38abd120cb81001e04b22dfd5/analysis/1543378139/,False,0/66,None,https://www.abuseipdb.com/check/155.133.82.112,,N/A,False,,False,False,False
109,83.96.132.85,2018-11-29 20:07:23.288000,https://www.virustotal.com/url/5c23e64a24e1aed9d8e088481c4cb20c26d6e5fcd985be1b10badf1618778db4/analysis/1543378191/,False,0/66,None,https://www.abuseipdb.com/check/83.96.132.85,,N/A,False,,False,False,False
110,46.118.155.165,2018-11-29 20:08:15.571000,https://www.virustotal.com/url/747b51ee6d86620dd99c23c3e16d776842a714638770b1c529d6e724564bee01/analysis/1543455256/,False,0/66,None,https://www.abuseipdb.com/check/46.118.155.165,,,True,,False,False,True
111,185.92.72.33,2018-11-29 20:09:14.578000,https://www.virustotal.com/url/508c0b05c435344fdb6ca966855802fd4edc77c34bbda2babb53c3e5dd35d70f/analysis/1543378296/,False,0/66,None,https://www.abuseipdb.com/check/185.92.72.33,,N/A,False,,False,False,False
112,183.65.17.118,2018-11-29 20:10:07.544000,https://www.virustotal.com/url/886eab87454c45515b835fee811c57bc3b579881e7c0763bde1c812575a6790b/analysis/1543378349/,False,0/66,"[22, 8889]",https://www.abuseipdb.com/check/183.65.17.118,"Web App Attack,",82,True,,False,False,True
113,218.22.187.66,2018-11-29 20:11:00.240000,https://www.virustotal.com/url/c3a04f15de384d402e62db46555dc6cd70bc61182636feddb93802ad0aa4630c/analysis/1543378405/,True,1/66,"[22, 8889]",https://www.abuseipdb.com/check/218.22.187.66,"Web App Attack,",50,True,,False,False,True
114,115.238.247.228,2018-11-29 20:11:52.779000,https://www.virustotal.com/url/b589dfd9f6dc94a2c2d898863060ab35b61f6ff515e4846226ea30afa3784f9a/analysis/1543378458/,False,0/66,"[4567, 7657, 4782, 22, 5000, 8001, 2480, 9001, 5560, 16992, 3000, 3749, 8098, 9295, 82, 8888, 3128, 50070, 81, 8123, 7071, 1311, 5555, 8086, 2082, 9869, 9200, 1741, 5357, 5801, 5900, 3542, 5601, 8008, 83, 1024, 3306, 7777]",https://www.abuseipdb.com/check/115.238.247.228,"Web App Attack,",88,True,,False,False,True
115,222.191.233.238,2018-11-29 20:12:44.899000,https://www.virustotal.com/url/629370924669da6fcb7e9ea61983c2717b9c77c6bacdc7222e74cf1f21cb91a9/analysis/1543448135/,False,0/66,"[8889, 500, 23, 1723, 22]",https://www.abuseipdb.com/check/222.191.233.238,"Web App Attack,",82,True,,False,False,True
116,123.138.78.210,2018-11-29 20:13:36.987000,https://www.virustotal.com/url/e807e54f584c187a5025635e59e371564b54f4c5ce06a20118ec974e52cbc5ed/analysis/1543378564/,False,0/66,"[23, 8889, 22]",https://www.abuseipdb.com/check/123.138.78.210,"Web App Attack,",64,True,,False,False,True
117,58.214.24.53,2018-11-29 20:14:29.326000,https://www.virustotal.com/url/baca54e225e4dcd3547fa1a90b5bd5638dd4f257ff3e1dea0dcf5878b8cabcb8/analysis/1543378618/,False,0/66,"[8083, 21, 8081, 1723]",https://www.abuseipdb.com/check/58.214.24.53,"Web App Attack,",85,True,,False,False,True
118,223.220.248.78,2018-11-29 20:15:22.110000,https://www.virustotal.com/url/6254ddb0001a3bde80a349d90a245b1985ef5dfa4d7aeb85cf0d0ec0af831111/analysis/1543378670/,False,0/66,None,https://www.abuseipdb.com/check/223.220.248.78,,N/A,False,,False,False,False
119,61.233.18.34,2018-11-29 20:16:15.804000,https://www.virustotal.com/url/5faaa53cd5194560a5a56db596003c7e50167df090bcf4382af875491722922c/analysis/1543378723/,False,0/66,[22],https://www.abuseipdb.com/check/61.233.18.34,"Web App Attack,",78,True,,False,False,True
120,178.217.187.39,2018-11-29 20:17:08.061000,https://www.virustotal.com/url/2e00d8ffd412fd06d1d6c4a473a7388e5a3e8287a521570f5cf50b5807adfb0f/analysis/1543378779/,True,1/66,None,https://www.abuseipdb.com/check/178.217.187.39,,N/A,False,,False,False,True
121,61.186.219.33,2018-11-29 20:18:00.511000,https://www.virustotal.com/url/04c1142f27f06ebdbfa789e418c0679cd90bf650b5f7e4cfa8213b671862196e/analysis/1543464195/,False,0/66,[8889],https://www.abuseipdb.com/check/61.186.219.33,"Web App Attack,",46,True,,False,False,True
122,220.171.28.146,2018-11-29 20:18:52.976000,https://www.virustotal.com/url/6047e950c7d37fda5e8f484defd73b4710da99ce6b2d713ab9a50d9b8ecee602/analysis/1543378885/,True,1/66,None,https://www.abuseipdb.com/check/220.171.28.146,,N/A,False,,False,False,True
123,221.4.205.30,2018-11-29 20:19:45.776000,https://www.virustotal.com/url/aa301cbc7f1c8b0524e6228fcc59630c08beb2e5a09b54527db8e2f700e67d01/analysis/1543378937/,False,0/66,"[443, 873, 22]",https://www.abuseipdb.com/check/221.4.205.30,"Brute-Force,",76,True,,False,False,True
124,222.185.255.227,2018-11-29 20:20:45.682000,https://www.virustotal.com/url/b2d70acc0d99eb1e21623454ebb235ddb438f2b0e9a1d0ecbf9c04591881f559/analysis/1543378990/,False,0/66,"[22, 8889]",https://www.abuseipdb.com/check/222.185.255.227,"Web App Attack,",84,True,,False,False,True
125,58.244.173.130,2018-11-29 20:21:37.812000,https://www.virustotal.com/url/b092c2b176cb06af5c1051f255a1d1f1efa9b4d174e9f297f1e8dea3a8638680/analysis/1543463048/,False,0/66,"[1723, 80, 443]",https://www.abuseipdb.com/check/58.244.173.130,"Brute-Force,Web App Attack,",63,True,,False,False,True
126,61.158.188.21,2018-11-29 20:22:30.678000,https://www.virustotal.com/url/0b7631de4883b7f7c65e6a33ee3274a8f0dcf8639e70425222954d2a8a96e014/analysis/1543379098/,False,0/66,"[22, 443]",https://www.abuseipdb.com/check/61.158.188.21,"Web App Attack,",99,True,,False,False,True
127,222.161.47.82,2018-11-29 20:23:23.877000,https://www.virustotal.com/url/db810d41f34fdb91fa650901c92937c050f79e0fc875fbe2bf727e5b01a23910/analysis/1543447803/,False,0/66,"[22, 80, 8889]",https://www.abuseipdb.com/check/222.161.47.82,"Web App Attack,",73,True,,False,False,True
128,146.185.223.5,2018-11-29 20:24:16.248000,https://www.virustotal.com/url/6e30fa9e80a0165239e0bcafb8b419d3d0e0a3558a7a47b63af7e960166cebcf/analysis/1543379211/,False,0/66,[111],https://www.abuseipdb.com/check/146.185.223.5,,N/A,False,,False,False,False
129,178.137.165.32,2018-11-29 20:25:09.228000,https://www.virustotal.com/url/564c201bbe7f20b8f8b05af25147549f1a807023135c1e59d389d042f0631a48/analysis/1543379263/,False,0/66,None,https://www.abuseipdb.com/check/178.137.165.32,,,True,,False,False,True
130,117.35.207.102,2018-11-29 20:26:02.119000,https://www.virustotal.com/url/dbf7e49c2daa92ed1e09943a50f0d0a91cd121b8abe1e9e977b8b29068cca971/analysis/1543379315/,False,0/66,"[80, 22]",https://www.abuseipdb.com/check/117.35.207.102,,N/A,False,,False,False,False
131,221.178.192.194,2018-11-29 20:26:54.465000,https://www.virustotal.com/url/c1e3a162752594bdf4f2e4e60ec5ec09af2fac95acfb918abd6381afb015ccb0/analysis/1543447365/,False,0/66,"[1194, 22, 23]",https://www.abuseipdb.com/check/221.178.192.194,"Web App Attack,",75,True,,False,False,True
132,37.115.185.236,2018-11-29 20:27:47.609000,https://www.virustotal.com/url/bf8b8d4875cb64eecd316df1cb2b061e4b02f19f9609b9e5cca585fa75a7a2b2/analysis/1543451350/,False,0/66,None,https://www.abuseipdb.com/check/37.115.185.236,,N/A,False,,False,False,False
133,222.171.61.97,2018-11-29 20:28:40.086000,https://www.virustotal.com/url/dec07a1deafbd9168609823ebb03ade6727af5999d2a4d89a9c25bb806ac628a/analysis/1543379475/,False,0/66,[22],https://www.abuseipdb.com/check/222.171.61.97,"Web App Attack,",75,True,,False,False,True
134,60.175.71.194,2018-11-29 20:29:32.400000,https://www.virustotal.com/url/d2c63d9a90b6fabc3762943c5e6bf1f5fe773ae8e91938eb69078472d1f8ebf0/analysis/1543379529/,False,0/66,"[22, 8889, 8081]",https://www.abuseipdb.com/check/60.175.71.194,"Brute-Force,Web App Attack,",54,True,,False,False,True
135,85.10.210.199,2018-11-29 20:30:25.157000,https://www.virustotal.com/url/596f9967d111a334621e2085229c03c77ffff7d79afc394d0319ab48a9fa610b/analysis/1543379581/,False,0/66,None,https://www.abuseipdb.com/check/85.10.210.199,,N/A,False,,False,False,False
136,58.42.251.184,2018-11-29 20:31:17.893000,https://www.virustotal.com/url/6aeecfd937312cb601363217e1032a1fb62aa4633f22cabc406052e3c0ccfc5b/analysis/1543379635/,False,0/66,"[80, 22, 8080, 21, 3389]",https://www.abuseipdb.com/check/58.42.251.184,"Brute-Force,",64,True,,False,False,True
137,176.10.99.200,2018-11-29 20:32:10.532000,https://www.virustotal.com/url/aef16f32004e697e85c08ceaf914f76a9eac12c59c615e598f4b0613cc09f72c/analysis/1543482136/,False,0/66,"[80, 443, 123]",https://www.abuseipdb.com/check/176.10.99.200,"Phishing,Web Spam,",100,True,,True,False,True
138,219.142.25.106,2018-11-29 20:33:03.337000,https://www.virustotal.com/url/9dc22557179f66f43f6f6fc11ff9a2887bca0af9355bfa0dcaa13f996eb1a191/analysis/1543379741/,False,0/66,[22],https://www.abuseipdb.com/check/219.142.25.106,"Web App Attack,",72,True,,False,False,True
139,112.16.203.48,2018-11-29 20:33:56.249000,https://www.virustotal.com/url/258c01dda88b8db49522a2eafaf2cc9f8a99b23df276a9463a43e3ae3a193017/analysis/1543379793/,True,1/66,"[22, 8000, 3306, 111]",https://www.abuseipdb.com/check/112.16.203.48,"FTP Brute Force,",49,True,,False,False,True
140,92.63.87.10,2018-11-29 20:34:48.636000,https://www.virustotal.com/url/8f2155642fe6b161045ad32a4b5aff00c48b370d63d897411c69001775652236/analysis/1543379846/,False,0/66,None,https://www.abuseipdb.com/check/92.63.87.10,,N/A,False,,False,False,False
141,61.153.54.38,2018-11-29 20:35:41.244000,https://www.virustotal.com/url/39d1f9a2b1abbdb05eddce0ab049f9b8b2b45b1e55500ba5b5178c630595f01f/analysis/1543379903/,False,0/66,"[1723, 8889, 80, 22, 8083]",https://www.abuseipdb.com/check/61.153.54.38,"Brute-Force,",66,True,,False,False,True
142,108.59.252.133,2018-11-29 20:36:33.736000,https://www.virustotal.com/url/2df0ebc7935d05e8afdca2d3870599a916aff5eee87c8df201b2be4aec970cc7/analysis/1543379956/,False,0/66,None,https://www.abuseipdb.com/check/108.59.252.133,,N/A,False,,False,False,False
143,79.172.193.32,2018-11-29 20:37:32.396000,https://www.virustotal.com/url/76ee8c5aa2b9f954e06e75cfc5f96fa3c4566a0ccc1f16fc143ab310549e29d4/analysis/1543532371/,True,1/66,"[443, 80]",https://www.abuseipdb.com/check/79.172.193.32,,N/A,False,,False,False,True
144,77.109.141.138,2018-11-29 20:38:26.320000,https://www.virustotal.com/url/13326b024cffa9ff3d8ac2a17ede32182170e65dc19e3430f04dbc63f1534324/analysis/1543380061/,False,0/66,None,https://www.abuseipdb.com/check/77.109.141.138,,N/A,False,,False,False,False
145,61.53.66.4,2018-11-29 20:39:19.838000,https://www.virustotal.com/url/10bdab73368db1e50e7abdc883a70bd3395fbda74998ec47b387abf884b61cbd/analysis/1543380114/,True,2/66,"[22, 23]",https://www.abuseipdb.com/check/61.53.66.4,"Brute-Force,Web App Attack,",21,True,,False,False,True
146,180.169.58.42,2018-11-29 20:40:12.205000,https://www.virustotal.com/url/d3d8527432d2d7b4a9fd014300c8761525215a3ef72e5aad80be544f2a7d291f/analysis/1543380167/,False,0/66,"[161, 22]",https://www.abuseipdb.com/check/180.169.58.42,"Web App Attack,",83,True,,False,False,True
147,58.210.119.226,2018-11-29 20:41:04.696000,https://www.virustotal.com/url/21904ce6f2f103ffac87320ce2999f67557620b9243df7541946829214d8745e/analysis/1543380219/,False,0/66,"[1723, 22, 3389, 8889]",https://www.abuseipdb.com/check/58.210.119.226,"Brute-Force,Web App Attack,",68,True,,False,False,True
148,220.169.102.6,2018-11-29 20:41:57.756000,https://www.virustotal.com/url/cf82a035631b6f4d8196c26c98644cb10ae2f24492484373468a3b38f6b807b9/analysis/1543380276/,False,0/66,"[22, 443, 8080, 80]",https://www.abuseipdb.com/check/220.169.102.6,"Web App Attack,",84,True,,False,False,True
149,213.251.182.113,2018-11-29 20:42:50.010000,https://www.virustotal.com/url/3ba7c09a48f8d049b5f37a0874680fb9f748a00133a5b0e807aa25443aa53912/analysis/1543380328/,False,0/66,None,https://www.abuseipdb.com/check/213.251.182.113,"DDos Attack,Web App Attack,",70,True,,,False,True
